[{"category": "", "traces": [["example.c", "17", "takes the false branch"], ["example.c", "21", "takes the true branch"], ["example.c", "22", "null pointer dereference"]], "confidence": "", "severity": "", "weakness": "Null Pointer Dereference", "cweid": ["476"], "cwe": "", "class": "java.util.ArrayList", "desc": ""}, {"category": "", "traces": [["example.c", "17", "takes the true branch"], ["example.c", "28", "the heap object @H(main::call1) is not referenced any more"]], "confidence": "", "severity": "", "weakness": "Memory Leak", "cweid": ["401"], "cwe": "", "class": "java.util.ArrayList", "desc": ""}, {"category": "", "traces": [["example.c", "17", "takes the false branch"], ["example.c", "21", "takes the true branch"], ["example.c", "21", "takes the true branch"], ["example.c", "21", "takes the true branch"], ["example.c", "21", "takes the true branch"], ["example.c", "21", "takes the true branch"], ["example.c", "21", "takes the false branch"], ["example.c", "24", "takes the true branch"], ["example.c", "26", "the memory is already freed"]], "confidence": "", "severity": "", "weakness": "Use After Free", "cweid": ["416"], "cwe": "", "class": "java.util.ArrayList", "desc": ""}, {"category": "", "traces": [["example.c", "17", "Divide By Zero"]], "confidence": "", "severity": "", "weakness": "Divide By Zero", "cweid": ["369"], "cwe": "", "class": "java.util.ArrayList", "desc": ""}, {"category": "", "traces": [["example.c", "17", "takes the false branch"], ["example.c", "21", "takes the true branch"], ["example.c", "21", "takes the true branch"], ["example.c", "21", "takes the true branch"], ["example.c", "21", "takes the true branch"], ["example.c", "21", "takes the true branch"], ["example.c", "21", "takes the false branch"], ["example.c", "24", "takes the true branch"], ["example.c", "26", "the memory is already freed"]], "confidence": "", "severity": "", "weakness": "Double Free", "cweid": ["415"], "cwe": "", "class": "java.util.ArrayList", "desc": ""}]